"OD01792023"|200768
"OD01802023"|200769
"OD01812023"|201089
"OD01782023"|200770
"OD02052023"|201845
"OD02432023"|201994
"OD01942023"|201618
"OD01772023"|200766
"PD00862023"|200723
"OD00772023"|200835
"OD00792023"|200837
"OD02262023"|201909
"OD00812023"|200840
"OD00822023"|200843
"OD00802023"|200839
"OD00752023"|200762
"OD00732023"|200760
"OD00712023"|200751
"OD00782023"|200836
"OD00742023"|200761
"OD00722023"|200759
"OD00832023"|200830
"OD00842023"|200841
"OD00562023"|200756
"OD00572023"|200758
"OD00582023"|200824
"OD00612023"|200838
"OD02202023"|201710
"OD00532023"|200752
"OD02132023"|201642
"OD02152023"|201136
"OD02302023"|201959
"OD00642023"|200922
"ON10452023"|201287
"OD02112023"|201713
"OD00522023"|200730
"OD00622023"|200842
"OD00762023"|200763
"OD00872003"|201128
"OD00652023"|201091
"OD00552023"|200754
"OD01872023"|201191
"OD01832023"|201366
"OD00702023"|201528
"OD00462023"|200722
"OD00472023"|200724
"OD00502023"|200728
"S0382D2023"|200828
"OD00602023"|200832
"S1368N2023"|201236
"OD02182023"|201712
"S0954D2023"|200757
"OD00632023"|200848
"OD02362023"|200720
"OD00592023"|200831
"OD00512023"|200729
"ON10502023"|201310
"S0146D2023"|200750
"OD00542023"|200753
"OD01892023"|201186
"ON10442023"|201286
"OD01842023"|201175
"OD01882023"|201178
"S1087D2023"|200755
"OD00482023"|200725
"OD00692023"|201330
"OD00492023"|200727
"PD00922023"|200849
"S2586D2023"|200850
"PD02012023"|201714
"PD00912023"|200847
"T0673N2023"|201391
"PD00952023"|201468
"PD00942023"|201467
"PD00142023"|200834
"S3725D2023"|200910
"PN00282023"|201463
"PD00932023"|201334
"S1727D2023"|200911
"PD00892023"|200721
"S2251D2023"|200882
"OD01072023"|200855
"OD01082023"|200861
"ON10612023"|201314
"OD01102023"|200860
"OD01092023"|200859
"OD01022023"|200852
"OD01062023"|201108
"OD01822023"|201177
"OD02232023"|201716
"OD02242023"|201717
"OD02382023"|201952
"TEM5420041"|201312
"S0384D2023"|200894
"S0383N2023"|201281
"OD01012023"|200773
"N0085D2023"|200829
"OD02162023"|201719
"OD01052023"|201090
"OD00962023"|200732
"OD01122023"|200734
"OD01002023"|200771
"S1893N2023"|201238
"OD01032023"|200854
"OD00992023"|200742
"OD00972023"|200735
"OD00982023"|200736
"OD02122023"|201720
"S2532D2023"|200772
"S0137D2023"|200774
"S0958D2023"|200887
"S1364D2023"|200891
"OD01042023"|200921
"ON10552023"|201317
"PD01142023"|200765
"S1777D2023"|200889
"PD00302023"|200767
"S0787D2023"|200890
"PD01132023"|200738
"S2531D2023"|200856
"S4028D2023"|200884
"S2547D2023"|200885
"S3224D2023"|200892
"PD00062023"|200893
"PD01532023"|201097
"S3224N2023"|201277
"PN00512023"|201501
"PD01972023"|201718
"PD01982023"|201929
"PD02292023"|201992
"S3071D2023"|200912
"T0135D2023"|200888
"PD01992023"|201643
"PD01152023"|200857
"S2991D2023"|200913
"PD01572023"|201596
"S3584D2023"|200858
"PD00222023"|201127
"PD00322023"|201451
"S2264D2023"|200886
"OD01392023"|200864
"OD01412023"|200868
"OD01452023"|201495
"OD01402023"|200867
"OD01372023"|200785
"OD01432023"|200870
"T0616N2023"|201460
"ON10732023"|201318
"OD01442023"|201336
"OD01422023"|200869
"OD01462023"|200787
"OD01932023"|201635
"OD01272023"|200798
"OD01282023"|200803
"OD01292023"|200872
"OD02152023"|201723
"OD01362023"|201492
"OD01192023"|200778
"OD01492023"|200804
"OD01232023"|200783
"OD01182023"|200776
"OD01902023"|201184
"OD01862023"|201182
"OD01662023"|200876
"TEM0142023"|201767
"TEM5420030"|202005
"OD01212023"|200781
"OD01952023"|201183
"OD02222023"|201721
"OD02342023"|200801
"S1104D2023"|200779
"T0139D2023"|200903
"OD01322023"|200797
"OD02062023"|201724
"OD01592023"|200808
"S3309D2023"|200905
"S1157D2023"|200902
"ON10672023"|201462
"OD02352023"|200804
"T0136D2023"|200900
"OD01252023"|200796
"OD01912023"|201645
"S0707D2023"|200904
"OD01242023"|200793
"OD01852023"|201188
"S4759N2023"|201276
"OD01202023"|200780
"OD02092023"|201722
"PD01022023"|200866
"PD00312023"|200851
"S3501D2023"|200863
"PD01522023"|201095
"TEM5420042"|202022
"S1250D2023"|200924
"PD01512023"|201094
"PD00742023"|200845
"PD01042023"|201509
"PD01922023"|201617
"S4329D2023"|200915
"S3281D2023"|200792
"S4163D2023"|201098
"S1250N2023"|201207
"PD00462023"|201483
"PD01542023"|201498
"PD02022023"|201644
"PD00382023"|201453
"S2539D2023"|200898
"PD00262023"|201107
"PD00882023"|201535
"PN01062023"|201552
"PN11332023"|201930
"PD02102023"|202021
"PD02402023"|201993
"PD02002023"|201715
"PD01562023"|201595
"PD02042023"|201725
"PD01582023"|201600
"PD01252023"|201601
"PD02032023"|201741
"S0412D2023"|200917
"OD01712023"|200815
"OD01732023"|200879
"OD01742023"|200923
"ON10752023"|201320
"OD01722023"|200878
"OD01702023"|200814
"ON10702023"|201364
"OD01472023"|200810
"OD01762023"|200817
"OD01752023"|200816
"OD02282023"|201948
"OD01612023"|200811
"OD01672023"|201093
"OD01652023"|200875
"OD02372023"|201931
"OD01602023"|200809
"S0841D2023"|200907
"OD01622023"|200812
"OD01692023"|201563
"OD01642023"|200874
"PD00902023"|200846
"S2335D2023"|200908
"S1572D2023"|200918
"S2792D2023"|200919
"PD00152023"|200818
"S3367N2023"|201271
"S2537N2023"|201272
"S3622N2023"|201838
"S0637D2023"|200906
